hazard,target,threshold,precision,recall,f1,average_precision,roc_auc,brier_score,true_negative,false_positive,false_negative,true_positive,false_alarm_rate
flood,synthetic_flood_dev_v1,0.1,0.0958904109589041,0.25925925925925924,0.14,0.10714048872428487,0.784917324859577,0.0048325334727716525,7207,66,20,7,0.00907465970026124
flood,synthetic_flood_dev_v1,0.2,0.14285714285714285,0.2222222222222222,0.17391304347826086,0.10714048872428487,0.784917324859577,0.0048325334727716525,7237,36,21,6,0.004949814381960676
flood,synthetic_flood_dev_v1,0.3,0.18181818181818182,0.2222222222222222,0.2,0.10714048872428487,0.784917324859577,0.0048325334727716525,7246,27,21,6,0.0037123607864705073
flood,synthetic_flood_dev_v1,0.4,0.18518518518518517,0.18518518518518517,0.18518518518518517,0.10714048872428487,0.784917324859577,0.0048325334727716525,7251,22,22,5,0.003024886566753747
flood,synthetic_flood_dev_v1,0.5,0.19047619047619047,0.14814814814814814,0.16666666666666666,0.10714048872428487,0.784917324859577,0.0048325334727716525,7256,17,23,4,0.002337412347036986
flood,synthetic_flood_dev_v1,0.6,0.17647058823529413,0.1111111111111111,0.13636363636363635,0.10714048872428487,0.784917324859577,0.0048325334727716525,7259,14,24,3,0.0019249278152069298
flood,synthetic_flood_dev_v1,0.7,0.21428571428571427,0.1111111111111111,0.14634146341463414,0.10714048872428487,0.784917324859577,0.0048325334727716525,7262,11,24,3,0.0015124432833768734
flood,synthetic_flood_dev_v1,0.8,0.25,0.1111111111111111,0.15384615384615385,0.10714048872428487,0.784917324859577,0.0048325334727716525,7264,9,24,3,0.001237453595490169
flood,synthetic_flood_dev_v1,0.9,0.2857142857142857,0.07407407407407407,0.11764705882352941,0.10714048872428487,0.784917324859577,0.0048325334727716525,7268,5,25,2,0.0006874742197167606
heavy_rain,synthetic_heavy_rain_dev_v1,0.1,0.03045988453115668,0.9503105590062112,0.059027777777777776,0.17608316144492622,0.8337945969084174,0.11543775866603934,2269,4870,8,153,0.6821683709202969
heavy_rain,synthetic_heavy_rain_dev_v1,0.2,0.04150833089739842,0.8819875776397516,0.07928531546621999,0.17608316144492622,0.8337945969084174,0.11543775866603934,3860,3279,19,142,0.45930802633422046
heavy_rain,synthetic_heavy_rain_dev_v1,0.3,0.056020066889632104,0.8322981366459627,0.10497453975714845,0.17608316144492622,0.8337945969084174,0.11543775866603934,4881,2258,27,134,0.3162907970303964
heavy_rain,synthetic_heavy_rain_dev_v1,0.4,0.07324455205811138,0.7515527950310559,0.1334804191947049,0.17608316144492622,0.8337945969084174,0.11543775866603934,5608,1531,40,121,0.21445580613531307
heavy_rain,synthetic_heavy_rain_dev_v1,0.5,0.09357798165137615,0.6335403726708074,0.1630695443645084,0.17608316144492622,0.8337945969084174,0.11543775866603934,6151,988,59,102,0.1383947331559042
heavy_rain,synthetic_heavy_rain_dev_v1,0.6,0.11470985155195682,0.5279503105590062,0.188470066518847,0.17608316144492622,0.8337945969084174,0.11543775866603934,6483,656,76,85,0.0918896203950133
heavy_rain,synthetic_heavy_rain_dev_v1,0.7,0.15163934426229508,0.45962732919254656,0.2280431432973806,0.17608316144492622,0.8337945969084174,0.11543775866603934,6725,414,87,74,0.05799131531026754
heavy_rain,synthetic_heavy_rain_dev_v1,0.8,0.1792452830188679,0.35403726708074534,0.23799582463465555,0.17608316144492622,0.8337945969084174,0.11543775866603934,6878,261,104,57,0.03655974226082084
heavy_rain,synthetic_heavy_rain_dev_v1,0.9,0.22727272727272727,0.2484472049689441,0.23738872403560832,0.17608316144492622,0.8337945969084174,0.11543775866603934,7003,136,121,40,0.019050287155063735
landslide,synthetic_landslide_dev_v1,0.1,0.0,0.0,0.0,0.038654794482967984,0.8958705971381398,0.004288926768345801,7268,0,32,0,0.0
landslide,synthetic_landslide_dev_v1,0.2,0.0,0.0,0.0,0.038654794482967984,0.8958705971381398,0.004288926768345801,7268,0,32,0,0.0
landslide,synthetic_landslide_dev_v1,0.3,0.0,0.0,0.0,0.038654794482967984,0.8958705971381398,0.004288926768345801,7268,0,32,0,0.0
landslide,synthetic_landslide_dev_v1,0.4,0.0,0.0,0.0,0.038654794482967984,0.8958705971381398,0.004288926768345801,7268,0,32,0,0.0
landslide,synthetic_landslide_dev_v1,0.5,0.0,0.0,0.0,0.038654794482967984,0.8958705971381398,0.004288926768345801,7268,0,32,0,0.0
landslide,synthetic_landslide_dev_v1,0.6,0.0,0.0,0.0,0.038654794482967984,0.8958705971381398,0.004288926768345801,7268,0,32,0,0.0
landslide,synthetic_landslide_dev_v1,0.7,0.0,0.0,0.0,0.038654794482967984,0.8958705971381398,0.004288926768345801,7268,0,32,0,0.0
landslide,synthetic_landslide_dev_v1,0.8,0.0,0.0,0.0,0.038654794482967984,0.8958705971381398,0.004288926768345801,7268,0,32,0,0.0
landslide,synthetic_landslide_dev_v1,0.9,0.0,0.0,0.0,0.038654794482967984,0.8958705971381398,0.004288926768345801,7268,0,32,0,0.0
heatwave,synthetic_heatwave_dev_v1,0.1,0.1550131926121372,0.9901685393258427,0.26806083650190116,0.45388576719280793,0.883630349358384,0.09396033083473851,2745,3843,7,705,0.5833333333333334
heatwave,synthetic_heatwave_dev_v1,0.2,0.20613236187006678,0.9536516853932584,0.33899151273090367,0.45388576719280793,0.883630349358384,0.09396033083473851,3973,2615,33,679,0.3969338190649666
heatwave,synthetic_heatwave_dev_v1,0.3,0.2553191489361702,0.8932584269662921,0.39712769278801124,0.45388576719280793,0.883630349358384,0.09396033083473851,4733,1855,76,636,0.2815725561627201
heatwave,synthetic_heatwave_dev_v1,0.4,0.31236203090507725,0.7949438202247191,0.44849445324881143,0.45388576719280793,0.883630349358384,0.09396033083473851,5342,1246,146,566,0.1891317547055252
heatwave,synthetic_heatwave_dev_v1,0.5,0.3915094339622642,0.5828651685393258,0.4683972911963883,0.45388576719280793,0.883630349358384,0.09396033083473851,5943,645,297,415,0.09790528233151184
heatwave,synthetic_heatwave_dev_v1,0.6,0.5023923444976076,0.2949438202247191,0.37168141592920356,0.45388576719280793,0.883630349358384,0.09396033083473851,6380,208,502,210,0.031572556162720096
heatwave,synthetic_heatwave_dev_v1,0.7,0.5853658536585366,0.1348314606741573,0.2191780821917808,0.45388576719280793,0.883630349358384,0.09396033083473851,6520,68,616,96,0.010321797207043109
heatwave,synthetic_heatwave_dev_v1,0.8,0.8133333333333334,0.08567415730337079,0.15501905972045743,0.45388576719280793,0.883630349358384,0.09396033083473851,6574,14,651,61,0.0021250758955676987
heatwave,synthetic_heatwave_dev_v1,0.9,1.0,0.0028089887640449437,0.0056022408963585435,0.45388576719280793,0.883630349358384,0.09396033083473851,6588,0,710,2,0.0
coldwave,synthetic_coldwave_dev_v1,0.1,0.10545454545454545,0.1870967741935484,0.13488372093023257,0.09076733617535827,0.8141321474525384,0.020725216800875256,6899,246,126,29,0.0344296710986704
coldwave,synthetic_coldwave_dev_v1,0.2,0.15454545454545454,0.10967741935483871,0.12830188679245283,0.09076733617535827,0.8141321474525384,0.020725216800875256,7052,93,138,17,0.013016095171448566
coldwave,synthetic_coldwave_dev_v1,0.3,0.2,0.07096774193548387,0.10476190476190476,0.09076733617535827,0.8141321474525384,0.020725216800875256,7101,44,144,11,0.00615815255423373
coldwave,synthetic_coldwave_dev_v1,0.4,0.18518518518518517,0.03225806451612903,0.054945054945054944,0.09076733617535827,0.8141321474525384,0.020725216800875256,7123,22,150,5,0.003079076277116865
coldwave,synthetic_coldwave_dev_v1,0.5,0.16666666666666666,0.012903225806451613,0.023952095808383235,0.09076733617535827,0.8141321474525384,0.020725216800875256,7135,10,153,2,0.0013995801259622112
coldwave,synthetic_coldwave_dev_v1,0.6,0.0,0.0,0.0,0.09076733617535827,0.8141321474525384,0.020725216800875256,7143,2,155,0,0.00027991602519244227
coldwave,synthetic_coldwave_dev_v1,0.7,0.0,0.0,0.0,0.09076733617535827,0.8141321474525384,0.020725216800875256,7144,1,155,0,0.00013995801259622114
coldwave,synthetic_coldwave_dev_v1,0.8,0.0,0.0,0.0,0.09076733617535827,0.8141321474525384,0.020725216800875256,7145,0,155,0,0.0
coldwave,synthetic_coldwave_dev_v1,0.9,0.0,0.0,0.0,0.09076733617535827,0.8141321474525384,0.020725216800875256,7145,0,155,0,0.0
windstorm,synthetic_windstorm_dev_v1,0.1,0.05222672064777328,0.8269230769230769,0.09824828636709824,0.08779052488260262,0.8022291433370662,0.02926403357079037,4803,2341,27,129,0.3276875699888018
windstorm,synthetic_windstorm_dev_v1,0.2,0.07460732984293193,0.36538461538461536,0.12391304347826088,0.08779052488260262,0.8022291433370662,0.02926403357079037,6437,707,99,57,0.09896416573348264
windstorm,synthetic_windstorm_dev_v1,0.3,0.08424908424908426,0.14743589743589744,0.10722610722610723,0.08779052488260262,0.8022291433370662,0.02926403357079037,6894,250,133,23,0.03499440089585666
windstorm,synthetic_windstorm_dev_v1,0.4,0.11494252873563218,0.0641025641025641,0.0823045267489712,0.08779052488260262,0.8022291433370662,0.02926403357079037,7067,77,146,10,0.010778275475923853
windstorm,synthetic_windstorm_dev_v1,0.5,0.2608695652173913,0.038461538461538464,0.0670391061452514,0.08779052488260262,0.8022291433370662,0.02926403357079037,7127,17,150,6,0.002379619260918253
windstorm,synthetic_windstorm_dev_v1,0.6,0.3333333333333333,0.02564102564102564,0.047619047619047616,0.08779052488260262,0.8022291433370662,0.02926403357079037,7136,8,152,4,0.0011198208286674132
windstorm,synthetic_windstorm_dev_v1,0.7,0.5,0.00641025641025641,0.012658227848101266,0.08779052488260262,0.8022291433370662,0.02926403357079037,7143,1,155,1,0.00013997760358342665
windstorm,synthetic_windstorm_dev_v1,0.8,0.0,0.0,0.0,0.08779052488260262,0.8022291433370662,0.02926403357079037,7144,0,156,0,0.0
windstorm,synthetic_windstorm_dev_v1,0.9,0.0,0.0,0.0,0.08779052488260262,0.8022291433370662,0.02926403357079037,7144,0,156,0,0.0
