district,row_count,min_time,max_time,latitude,longitude
Anantnag,51144,2020-01-01,2025-10-31 23:00:00,33.73,75.15
Bandipora,51144,2020-01-01,2025-10-31 23:00:00,34.42,74.64
Baramulla,51144,2020-01-01,2025-10-31 23:00:00,34.2,74.34
Budgam,51144,2020-01-01,2025-10-31 23:00:00,34.02,74.65
Doda,51144,2020-01-01,2025-10-31 23:00:00,33.15,75.55
Ganderbal,51144,2020-01-01,2025-10-31 23:00:00,34.23,75.1
Jammu,51144,2020-01-01,2025-10-31 23:00:00,32.73,74.87
Kathua,51144,2020-01-01,2025-10-31 23:00:00,32.37,75.52
Kishtwar,51144,2020-01-01,2025-10-31 23:00:00,33.31,75.77
Kulgam,51144,2020-01-01,2025-10-31 23:00:00,33.65,75.02
Kupwara,51144,2020-01-01,2025-10-31 23:00:00,34.53,74.26
Poonch,51144,2020-01-01,2025-10-31 23:00:00,33.77,74.09
Pulwama,51144,2020-01-01,2025-10-31 23:00:00,33.88,74.92
Rajouri,51144,2020-01-01,2025-10-31 23:00:00,33.38,74.31
Ramban,51144,2020-01-01,2025-10-31 23:00:00,33.25,75.25
Reasi,51144,2020-01-01,2025-10-31 23:00:00,33.08,74.83
Samba,51144,2020-01-01,2025-10-31 23:00:00,32.57,75.12
Shopian,51144,2020-01-01,2025-10-31 23:00:00,33.71,74.83
Srinagar,51144,2020-01-01,2025-10-31 23:00:00,34.08,74.8
Udhampur,51144,2020-01-01,2025-10-31 23:00:00,32.92,75.13
