source_name,organization,record_type,flood_type,district_level,date_level,coverage_start,coverage_end,reporting_cadence,explicit_nil_reporting,completeness_known,can_support_verified_no_flood,limitations,provenance_location
India Flood Inventory-Impacts v4,HydroSense Lab; IIT Delhi,Positive event inventory,Flood; flash flood; mixed flood-related records,PARTIAL,YES,1967-01-01,2023-12-31,UNKNOWN,NO,NO,NO,"Event catalogue supports documented positives only; non-reporting does not establish no flood; filtered project-period records cover 19 project districts and include ambiguous or non-flood causes.",data/raw/disasters/disaster_sources.csv; data/raw/disasters/curated_flood_events.csv
District FloodImpact,HydroSense Lab; IIT Delhi,Static district flood-impact aggregate,Flood,YES,NO,UNKNOWN,UNKNOWN,UNKNOWN,NO,UNKNOWN,NO,Aggregate district statistics have no event dates and cannot establish district-date non-events.,data/raw/disasters/disaster_sources.csv
District FloodedArea,HydroSense Lab; IIT Delhi,Static district flooded-area aggregate,Flood hazard and flooded area,YES,NO,UNKNOWN,UNKNOWN,UNKNOWN,NO,UNKNOWN,NO,Static flooded-area information is not a dated event or non-event record.,data/raw/disasters/disaster_sources.csv
District Flood Severity Index,HydroSense Lab; IIT Delhi,Static severity index,Flood hazard and severity,UNKNOWN,NO,UNKNOWN,UNKNOWN,UNKNOWN,NO,UNKNOWN,NO,Static index is not an event catalogue and district naming requires inspection.,data/raw/disasters/disaster_sources.csv
IMD Climate Hazard and Vulnerability Atlas,India Meteorological Department,Hazard and vulnerability atlas,Flood; extreme rainfall,UNKNOWN,NO,UNKNOWN,UNKNOWN,UNKNOWN,NO,UNKNOWN,NO,Map and climatology products are static hazard context; no district-date event table was observed.,data/raw/disasters/disaster_sources.csv
JKSDMA public website,Jammu and Kashmir State Disaster Management Authority,Public disaster-management website,Flood and other target disasters,UNKNOWN,UNKNOWN,UNKNOWN,UNKNOWN,UNKNOWN,UNKNOWN,UNKNOWN,UNKNOWN,The public site was under maintenance during project inspection and no accessible dataset or nil-reporting process was verified.,data/raw/disasters/disaster_sources.csv
IMD climate services and historical-data contact,India Meteorological Department,Climate services portal and historical-data contact,Flood and other weather-related hazards,UNKNOWN,UNKNOWN,UNKNOWN,UNKNOWN,UNKNOWN,UNKNOWN,UNKNOWN,UNKNOWN,No public event download was observed; the portal referred historical-data requests to IMD.,data/raw/disasters/disaster_sources.csv
IMD Rainfall Information,India Meteorological Department,Official rainfall service,Rainfall observation; not flood occurrence,YES,YES,UNKNOWN,UNKNOWN,DAILY,NO,NO,NO,Provides district and station rainfall products but no downloaded historical J&K flood event or nil-flood table was obtained.,data/raw/disasters/heavy_rain_sources.csv; results/heavy_rain_research_report.md
IMD Data Service Portal,India Meteorological Department,Official historical station-data service,Rainfall observation; not flood occurrence,NO,YES,UNKNOWN,UNKNOWN,UNKNOWN,NO,NO,NO,Station observations require access and district mapping; weather observations cannot establish absence of flooding.,data/raw/disasters/heavy_rain_sources.csv; results/heavy_rain_research_report.md
NOAA Integrated Surface Database,National Oceanic and Atmospheric Administration,Official hourly station-observation dataset,Precipitation observation; not flood occurrence,NO,YES,1901,PRESENT,HOURLY,NO,NO,NO,Station-specific observations have no official flood classification and require documented station-to-district mapping.,data/raw/disasters/heavy_rain_sources.csv; results/heavy_rain_research_report.md
NOAA Global Summary of the Day,National Oceanic and Atmospheric Administration,Official daily station-observation product,Precipitation observation; not flood occurrence,NO,YES,UNKNOWN,UNKNOWN,DAILY,NO,NO,NO,Daily station precipitation is an observation and does not establish whether a district had no flood.,data/raw/disasters/heavy_rain_sources.csv; results/heavy_rain_research_report.md
NASA GPM IMERG,National Aeronautics and Space Administration,Satellite precipitation dataset,Precipitation estimate; not flood occurrence,NO,YES,1998,PRESENT,30_MINUTE,NO,UNKNOWN,NO,Gridded precipitation estimates do not provide official district flood or nil-flood classifications.,data/raw/disasters/heavy_rain_sources.csv; results/heavy_rain_research_report.md
Copernicus ERA5-Land,Copernicus Climate Change Service,Gridded reanalysis dataset,Modeled precipitation; not flood occurrence,NO,YES,1950,PRESENT,HOURLY,NO,UNKNOWN,NO,Modeled reanalysis inputs are not documented flood events or verified non-events.,data/raw/disasters/heavy_rain_sources.csv; results/heavy_rain_research_report.md
IMD rainfall intensity terminology,India Meteorological Department,Official criterion reference,Rainfall intensity; not flood occurrence,NO,NO,UNKNOWN,UNKNOWN,UNKNOWN,NO,UNKNOWN,NO,Threshold terminology requires station observations and does not establish flood occurrence or non-occurrence.,data/raw/disasters/heavy_rain_sources.csv; results/heavy_rain_research_report.md
NDMA Flood guidance,National Disaster Management Authority,Guidance document,Flood,NO,NO,UNKNOWN,UNKNOWN,UNKNOWN,NO,UNKNOWN,NO,Guidance discusses hazards but is not a district-date event or non-event inventory.,results/heavy_rain_research_report.md
Open-Meteo historical weather used by project,Open-Meteo,Hourly district-point weather dataset,Weather observation or modeled input; not flood occurrence,YES,YES,2020-01-01,2025-10-31,HOURLY,NO,YES,NO,Project weather coverage is complete for the selected district points but it is not disaster ground truth and cannot verify no flood.,results/phase4_disaster_data_assessment.md
District emergency-operation or control-room daily logs,UNKNOWN,Candidate official daily incident log,Flood; exact taxonomy UNKNOWN,UNKNOWN,UNKNOWN,UNKNOWN,UNKNOWN,UNKNOWN,UNKNOWN,UNKNOWN,UNKNOWN,Identified as a potentially suitable source class only; no specific archive coverage cadence completeness or nil-reporting process was inspected.,results/phase6_label_strategy.md
Disaster-management situation reports,UNKNOWN,Candidate official situation report,Flood; exact taxonomy UNKNOWN,UNKNOWN,UNKNOWN,UNKNOWN,UNKNOWN,UNKNOWN,UNKNOWN,UNKNOWN,UNKNOWN,Identified as a potentially suitable source class only; no specific report series or district-date coverage was inspected.,results/phase6_label_strategy.md
Flood-control or irrigation incident bulletins,UNKNOWN,Candidate official incident bulletin,Flood; exact taxonomy UNKNOWN,UNKNOWN,UNKNOWN,UNKNOWN,UNKNOWN,UNKNOWN,UNKNOWN,UNKNOWN,UNKNOWN,Identified as a potentially suitable source class only; no specific bulletin archive or explicit nil-reporting practice was inspected.,results/phase6_label_strategy.md
Complete response or incident registers,UNKNOWN,Candidate official incident register,Flood; exact taxonomy UNKNOWN,UNKNOWN,UNKNOWN,UNKNOWN,UNKNOWN,UNKNOWN,UNKNOWN,UNKNOWN,UNKNOWN,Identified as a potentially suitable source class only; completeness and mandatory reporting have not been demonstrated.,results/phase6_label_strategy.md
