feature_name,dtype,missing_count,missing_percentage,min,max,mean,std
district,object,0,0.0,Anantnag,Udhampur,,
latitude,float64,0,0.0,32.37,34.53,33.549,0.604515803982933
longitude,float64,0,0.0,74.09,75.77,74.9075,0.43485507340851776
time,datetime64[ns],0,0.0,2020-01-01 00:00:00,2025-10-31 23:00:00,,
temperature_2m,float64,0,0.0,-27.9,44.1,15.412957238385733,10.238282598641565
relative_humidity_2m,int64,0,0.0,2,100,61.37384052870327,20.640331321682066
precipitation,float64,0,0.0,0.0,52.0,0.14640466134834976,0.696302216826844
rain,float64,0,0.0,0.0,52.0,0.12131765211950572,0.6460386254057638
snowfall,float64,0,0.0,0.0,7.07,0.01757096629125606,0.16132648048827009
snow_depth,float64,0,0.0,0.0,2.23,0.1336843813546066,0.3443160405791544
weather_code,int64,0,0.0,0,75,9.368269005161896,20.412515928337292
wind_speed_10m,float64,0,0.0,0.0,41.3,4.880941752698264,3.23805090605582
wind_gusts_10m,float64,0,0.0,0.7,148.0,16.753789203034568,9.195114196228566
soil_temperature_0_to_7cm,float64,0,0.0,-4.7,48.1,16.03362486313155,9.868619639804217
soil_temperature_7_to_28cm,float64,0,0.0,-0.9,37.1,15.941227123416237,8.836605753615702
soil_temperature_28_to_100cm,float64,0,0.0,0.8,31.7,15.719541099640232,7.664186489404567
soil_moisture_0_to_7cm,float64,0,0.0,0.01,0.526,0.30690956514938217,0.10931589227154219
soil_moisture_7_to_28cm,float64,0,0.0,0.037,0.522,0.31629259541686217,0.10135159000391963
soil_moisture_28_to_100cm,float64,0,0.0,0.027,0.525,0.31510966291256065,0.09617242850344648
precipitation_3h,float64,40,0.003910527139058345,0.0,124.10000000000001,0.43923116029877657,1.797284704132515
precipitation_6h,float64,100,0.009776317847645863,0.0,167.50000000000003,0.8785138543968402,3.1912355184880705
precipitation_12h,float64,220,0.0215078992648209,0.0,223.6,1.7572338802730134,5.526336393050977
precipitation_24h,float64,460,0.04497106209917097,0.0,239.0,3.515292736840046,9.317447958024777
precipitation_3d,float64,1420,0.13882371343657124,0.0,290.7,10.554445597478118,19.94730550387244
precipitation_7d,float64,3340,0.3265290161113718,0.0,383.6,24.645263255978186,34.0075627494117
rain_3h,float64,40,0.003910527139058345,0.0,124.10000000000001,0.36396718939423606,1.655423856167335
rain_6h,float64,100,0.009776317847645863,0.0,167.50000000000003,0.7279770820704357,2.9214350909843234
rain_12h,float64,220,0.0215078992648209,0.0,223.6,1.4561250073338154,5.021784262122762
rain_24h,float64,460,0.04497106209917097,0.0,239.0,2.9129336280589193,8.41347343359611
rain_3d,float64,1420,0.13882371343657124,0.0,290.7,8.746748086072875,18.03956930178308
rain_7d,float64,3340,0.3265290161113718,0.0,383.6,20.437482001687034,31.176209515384876
snowfall_24h,float64,460,0.04497106209917097,0.0,91.21,0.4218929207175134,2.4922294671853824
snowfall_3d,float64,1420,0.13882371343657124,0.0,134.4,1.2661135041998708,5.65080208992976
snowfall_7d,float64,3340,0.3265290161113718,0.0,181.02,2.947115620770151,10.33441131485861
snow_depth_change_24h,float64,480,0.04692632566870014,-0.33,0.5700000000000001,-0.00017684859154929597,0.024855602978406097
temperature_mean_6h,float64,100,0.009776317847645863,-26.849999999999998,43.216666666666676,15.413895754707758,10.069221948346216
temperature_mean_12h,float64,220,0.0215078992648209,-24.533333333333335,41.34166666666667,15.414750911022887,9.784792343749343
temperature_mean_24h,float64,460,0.04497106209917097,-18.233333333333334,37.608333333333334,15.416037130859463,9.506004454426872
temperature_min_24h,float64,460,0.04497106209917097,-27.9,33.0,10.394453746992431,9.410356042636217
temperature_max_24h,float64,460,0.04497106209917097,-12.0,44.1,20.99888490053012,9.826862929561711
temperature_min_3d,float64,1420,0.13882371343657124,-27.9,30.5,9.307130479901318,9.619553534545268
temperature_max_3d,float64,1420,0.13882371343657124,-11.0,44.1,22.19488350008811,9.692294465954463
humidity_mean_6h,float64,100,0.009776317847645863,4.5,100.0,61.37407995854436,19.536635118776154
humidity_mean_12h,float64,220,0.0215078992648209,6.0,100.0,61.375207546985315,18.1766014627206
humidity_mean_24h,float64,460,0.04497106209917097,9.25,99.95833333333333,61.378019633157926,16.72119795519247
humidity_max_24h,float64,460,0.04497106209917097,13.0,100.0,79.04561921715147,15.824434687017327
wind_speed_mean_6h,float64,100,0.009776317847645863,0.06666666666666667,35.8,4.881048694082143,2.7148699055521432
wind_speed_mean_24h,float64,460,0.04497106209917097,0.5208333333333336,30.59166666666667,4.881419964398193,2.202930942734227
wind_speed_max_24h,float64,460,0.04497106209917097,1.1,41.3,9.45194831869486,4.1282599653157925
wind_gust_max_24h,float64,460,0.04497106209917097,5.8,148.0,27.399362101680328,10.330613364670203
wind_gust_max_3d,float64,1420,0.13882371343657124,7.6,148.0,31.742504454408397,11.538138034572645
soil_moisture_0_7cm_mean_24h,float64,460,0.04497106209917097,0.01,0.5177083333333333,0.30689432897765434,0.10845115703519614
soil_moisture_0_7cm_lag_24h,float64,480,0.04692632566870014,0.01,0.526,0.3068994151017214,0.10931824822991781
soil_moisture_0_7cm_change_24h,float64,480,0.04692632566870014,-0.29200000000000004,0.482,-1.1570813771518107e-05,0.03254566147020837
soil_moisture_7_28cm_mean_24h,float64,460,0.04497106209917097,0.038,0.5172083333333334,0.31627564903203514,0.10113661611312533
soil_moisture_7_28cm_lag_24h,float64,480,0.04692632566870014,0.037,0.522,0.31627918818466355,0.1013563243540899
soil_moisture_7_28cm_change_24h,float64,480,0.04692632566870014,-0.21800000000000003,0.329,-8.553403755868546e-06,0.0175302616038665
soil_moisture_28_100cm_mean_24h,float64,460,0.04497106209917097,0.028,0.5188333333333334,0.3150929668498921,0.09613721097076716
soil_moisture_28_100cm_lag_24h,float64,480,0.04692632566870014,0.027,0.525,0.3151008000782472,0.09617413001246723
soil_moisture_28_100cm_change_24h,float64,480,0.04692632566870014,-0.118,0.28900000000000003,-1.6993348982785603e-05,0.007022857834083875
soil_temperature_0_7cm_mean_24h,float64,460,0.04497106209917097,-1.945833333333334,39.829166666666666,16.036530955152156,9.290739193525267
soil_temperature_7_28cm_mean_24h,float64,460,0.04497106209917097,-0.9,36.112500000000004,15.943847395558251,8.808016420351946
soil_temperature_28_100cm_mean_24h,float64,460,0.04497106209917097,0.8,31.7,15.72106621626468,7.664230820543535
hour,int32,0,0.0,0,23,11.5,6.922189936109007
day_of_week,int32,0,0.0,0,6,3.0,1.9988274746401753
day_of_year,int32,0,0.0,1,366,178.82074143594556,103.69726795489231
month,int32,0,0.0,1,12,6.379164711403097,3.3906916265905696
year,int32,0,0.0,2020,2025,2022.4279680900986,1.6784860235971897
hour_sin,float64,0,0.0,-1.0,1.0,-1.7116155374167907e-17,0.7071071268318332
hour_cos,float64,0,0.0,-1.0,1.0,-5.5498994870906855e-17,0.7071071268318332
month_sin,float64,0,0.0,-1.0,1.0,0.016364648971819058,0.7068347550097718
month_cos,float64,0,0.0,-1.0,1.0,-0.023701098805801128,0.7067927999855785
precipitation_lag_1h,float64,20,0.0019552635695291726,0.0,52.0,0.1464075240013296,0.6963087232507832
precipitation_lag_3h,float64,60,0.005865790708587518,0.0,52.0,0.14641324964314345,0.6963217366442981
precipitation_lag_6h,float64,120,0.011731581417175035,0.0,52.0,0.14642183894559818,0.6963412580987891
precipitation_lag_24h,float64,480,0.04692632566870014,0.0,52.0,0.1464733959311424,0.6964584212162853
temperature_lag_24h,float64,480,0.04692632566870014,-27.9,44.1,15.413234546165885,10.239584872883707
