hazard,target,threshold,precision,recall,f1,pr_auc_average_precision,roc_auc,brier_score,true_negative,false_positive,false_negative,true_positive,false_alert_rate
flood,synthetic_flood_dev_v1,0.1,0.26666666666666666,0.14814814814814814,0.19047619047619047,0.09512411341443212,0.7749922340875179,0.0037069491888905874,7262,11,23,4,0.0015124432833768734
flood,synthetic_flood_dev_v1,0.2,0.2,0.07407407407407407,0.10810810810810811,0.09512411341443212,0.7749922340875179,0.0037069491888905874,7265,8,25,2,0.001099958751546817
flood,synthetic_flood_dev_v1,0.3,0.2222222222222222,0.07407407407407407,0.1111111111111111,0.09512411341443212,0.7749922340875179,0.0037069491888905874,7266,7,25,2,0.0009624639076034649
flood,synthetic_flood_dev_v1,0.4,0.3333333333333333,0.07407407407407407,0.12121212121212122,0.09512411341443212,0.7749922340875179,0.0037069491888905874,7269,4,25,2,0.0005499793757734085
flood,synthetic_flood_dev_v1,0.5,0.4,0.07407407407407407,0.125,0.09512411341443212,0.7749922340875179,0.0037069491888905874,7270,3,25,2,0.00041248453183005636
flood,synthetic_flood_dev_v1,0.6,0.5,0.07407407407407407,0.12903225806451613,0.09512411341443212,0.7749922340875179,0.0037069491888905874,7271,2,25,2,0.00027498968788670426
flood,synthetic_flood_dev_v1,0.7,0.5,0.07407407407407407,0.12903225806451613,0.09512411341443212,0.7749922340875179,0.0037069491888905874,7271,2,25,2,0.00027498968788670426
flood,synthetic_flood_dev_v1,0.8,0.3333333333333333,0.037037037037037035,0.06666666666666667,0.09512411341443212,0.7749922340875179,0.0037069491888905874,7271,2,26,1,0.00027498968788670426
flood,synthetic_flood_dev_v1,0.9,0.0,0.0,0.0,0.09512411341443212,0.7749922340875179,0.0037069491888905874,7272,1,27,0,0.00013749484394335213
heavy_rain,synthetic_heavy_rain_dev_v1,0.1,0.15656565656565657,0.38509316770186336,0.22262118491921004,0.15797957329816728,0.8556316062847851,0.020219860455633298,6805,334,99,62,0.04678526404258299
heavy_rain,synthetic_heavy_rain_dev_v1,0.2,0.20224719101123595,0.2236024844720497,0.21238938053097345,0.15797957329816728,0.8556316062847851,0.020219860455633298,6997,142,125,36,0.019890741000140075
heavy_rain,synthetic_heavy_rain_dev_v1,0.3,0.2857142857142857,0.09937888198757763,0.14746543778801843,0.15797957329816728,0.8556316062847851,0.020219860455633298,7099,40,145,16,0.005603025633842275
heavy_rain,synthetic_heavy_rain_dev_v1,0.4,0.4166666666666667,0.031055900621118012,0.057803468208092484,0.15797957329816728,0.8556316062847851,0.020219860455633298,7132,7,156,5,0.0009805294859223982
heavy_rain,synthetic_heavy_rain_dev_v1,0.5,0.6666666666666666,0.024844720496894408,0.04790419161676647,0.15797957329816728,0.8556316062847851,0.020219860455633298,7137,2,157,4,0.0002801512816921137
heavy_rain,synthetic_heavy_rain_dev_v1,0.6,0.0,0.0,0.0,0.15797957329816728,0.8556316062847851,0.020219860455633298,7139,0,161,0,0.0
heavy_rain,synthetic_heavy_rain_dev_v1,0.7,0.0,0.0,0.0,0.15797957329816728,0.8556316062847851,0.020219860455633298,7139,0,161,0,0.0
heavy_rain,synthetic_heavy_rain_dev_v1,0.8,0.0,0.0,0.0,0.15797957329816728,0.8556316062847851,0.020219860455633298,7139,0,161,0,0.0
heavy_rain,synthetic_heavy_rain_dev_v1,0.9,0.0,0.0,0.0,0.15797957329816728,0.8556316062847851,0.020219860455633298,7139,0,161,0,0.0
landslide,synthetic_landslide_dev_v1,0.1,0.0,0.0,0.0,0.038654794482967984,0.8958705971381398,0.004288926768345801,7268,0,32,0,0.0
landslide,synthetic_landslide_dev_v1,0.2,0.0,0.0,0.0,0.038654794482967984,0.8958705971381398,0.004288926768345801,7268,0,32,0,0.0
landslide,synthetic_landslide_dev_v1,0.3,0.0,0.0,0.0,0.038654794482967984,0.8958705971381398,0.004288926768345801,7268,0,32,0,0.0
landslide,synthetic_landslide_dev_v1,0.4,0.0,0.0,0.0,0.038654794482967984,0.8958705971381398,0.004288926768345801,7268,0,32,0,0.0
landslide,synthetic_landslide_dev_v1,0.5,0.0,0.0,0.0,0.038654794482967984,0.8958705971381398,0.004288926768345801,7268,0,32,0,0.0
landslide,synthetic_landslide_dev_v1,0.6,0.0,0.0,0.0,0.038654794482967984,0.8958705971381398,0.004288926768345801,7268,0,32,0,0.0
landslide,synthetic_landslide_dev_v1,0.7,0.0,0.0,0.0,0.038654794482967984,0.8958705971381398,0.004288926768345801,7268,0,32,0,0.0
landslide,synthetic_landslide_dev_v1,0.8,0.0,0.0,0.0,0.038654794482967984,0.8958705971381398,0.004288926768345801,7268,0,32,0,0.0
landslide,synthetic_landslide_dev_v1,0.9,0.0,0.0,0.0,0.038654794482967984,0.8958705971381398,0.004288926768345801,7268,0,32,0,0.0
heatwave,synthetic_heatwave_dev_v1,0.1,0.4707646176911544,0.4410112359550562,0.45540246555474984,0.4570722487093413,0.8877523740815784,0.07723467595656239,6235,353,398,314,0.05358227079538555
heatwave,synthetic_heatwave_dev_v1,0.2,0.5767918088737202,0.23735955056179775,0.336318407960199,0.4570722487093413,0.8877523740815784,0.07723467595656239,6464,124,543,169,0.018822100789313904
heatwave,synthetic_heatwave_dev_v1,0.3,0.6642857142857143,0.1306179775280899,0.21830985915492956,0.4570722487093413,0.8877523740815784,0.07723467595656239,6541,47,619,93,0.00713418336369156
heatwave,synthetic_heatwave_dev_v1,0.4,0.7313432835820896,0.06882022471910113,0.1258023106546855,0.4570722487093413,0.8877523740815784,0.07723467595656239,6570,18,663,49,0.00273224043715847
heatwave,synthetic_heatwave_dev_v1,0.5,0.7586206896551724,0.03089887640449438,0.059379217273954114,0.4570722487093413,0.8877523740815784,0.07723467595656239,6581,7,690,22,0.0010625379477838493
heatwave,synthetic_heatwave_dev_v1,0.6,0.7777777777777778,0.009831460674157303,0.019417475728155338,0.4570722487093413,0.8877523740815784,0.07723467595656239,6586,2,705,7,0.00030358227079538557
heatwave,synthetic_heatwave_dev_v1,0.7,1.0,0.0014044943820224719,0.002805049088359046,0.4570722487093413,0.8877523740815784,0.07723467595656239,6588,0,711,1,0.0
heatwave,synthetic_heatwave_dev_v1,0.8,0.0,0.0,0.0,0.4570722487093413,0.8877523740815784,0.07723467595656239,6588,0,712,0,0.0
heatwave,synthetic_heatwave_dev_v1,0.9,0.0,0.0,0.0,0.4570722487093413,0.8877523740815784,0.07723467595656239,6588,0,712,0,0.0
coldwave,synthetic_coldwave_dev_v1,0.1,0.12222222222222222,0.2129032258064516,0.15529411764705883,0.0871556961416219,0.7907311677464501,0.020091219376160336,6908,237,122,33,0.03317004898530441
coldwave,synthetic_coldwave_dev_v1,0.2,0.058823529411764705,0.0064516129032258064,0.011627906976744186,0.0871556961416219,0.7907311677464501,0.020091219376160336,7129,16,154,1,0.002239328201539538
coldwave,synthetic_coldwave_dev_v1,0.3,0.0,0.0,0.0,0.0871556961416219,0.7907311677464501,0.020091219376160336,7143,2,155,0,0.00027991602519244227
coldwave,synthetic_coldwave_dev_v1,0.4,0.0,0.0,0.0,0.0871556961416219,0.7907311677464501,0.020091219376160336,7145,0,155,0,0.0
coldwave,synthetic_coldwave_dev_v1,0.5,0.0,0.0,0.0,0.0871556961416219,0.7907311677464501,0.020091219376160336,7145,0,155,0,0.0
coldwave,synthetic_coldwave_dev_v1,0.6,0.0,0.0,0.0,0.0871556961416219,0.7907311677464501,0.020091219376160336,7145,0,155,0,0.0
coldwave,synthetic_coldwave_dev_v1,0.7,0.0,0.0,0.0,0.0871556961416219,0.7907311677464501,0.020091219376160336,7145,0,155,0,0.0
coldwave,synthetic_coldwave_dev_v1,0.8,0.0,0.0,0.0,0.0871556961416219,0.7907311677464501,0.020091219376160336,7145,0,155,0,0.0
coldwave,synthetic_coldwave_dev_v1,0.9,0.0,0.0,0.0,0.0871556961416219,0.7907311677464501,0.020091219376160336,7145,0,155,0,0.0
windstorm,synthetic_windstorm_dev_v1,0.1,0.03572302422314656,0.9358974358974359,0.06881923167570116,0.09067792171267924,0.8100037327360956,0.051314264243627825,3203,3941,10,146,0.5516517357222844
windstorm,synthetic_windstorm_dev_v1,0.2,0.05708848715509039,0.7692307692307693,0.10628875110717449,0.09067792171267924,0.8100037327360956,0.051314264243627825,5162,1982,36,120,0.27743561030235164
windstorm,synthetic_windstorm_dev_v1,0.3,0.068359375,0.44871794871794873,0.11864406779661017,0.09067792171267924,0.8100037327360956,0.051314264243627825,6190,954,86,70,0.13353863381858902
windstorm,synthetic_windstorm_dev_v1,0.4,0.08651911468812877,0.27564102564102566,0.13169984686064318,0.09067792171267924,0.8100037327360956,0.051314264243627825,6690,454,113,43,0.0635498320268757
windstorm,synthetic_windstorm_dev_v1,0.5,0.0963302752293578,0.1346153846153846,0.11229946524064172,0.09067792171267924,0.8100037327360956,0.051314264243627825,6947,197,135,21,0.02757558790593505
windstorm,synthetic_windstorm_dev_v1,0.6,0.12903225806451613,0.07692307692307693,0.0963855421686747,0.09067792171267924,0.8100037327360956,0.051314264243627825,7063,81,144,12,0.01133818589025756
windstorm,synthetic_windstorm_dev_v1,0.7,0.19444444444444445,0.04487179487179487,0.07291666666666667,0.09067792171267924,0.8100037327360956,0.051314264243627825,7115,29,149,7,0.004059350503919373
windstorm,synthetic_windstorm_dev_v1,0.8,0.35714285714285715,0.03205128205128205,0.058823529411764705,0.09067792171267924,0.8100037327360956,0.051314264243627825,7135,9,151,5,0.0012597984322508398
windstorm,synthetic_windstorm_dev_v1,0.9,0.6666666666666666,0.01282051282051282,0.025157232704402517,0.09067792171267924,0.8100037327360956,0.051314264243627825,7143,1,154,2,0.00013997760358342665
